{"cup": [-0.0782239956098857, 1.082785599806673], "person": [1.0675803381620335, 0.5084256060183504], "refrigerator": [0.6588793741445432, 0.9064211669696325], "clock": [-0.1773507375247452, 1.3843642569853654], "bowl": [0.052414693548113525, 1.07427833945882], "bottle": [-0.4852995648531554, 0.9338039569822296]}